id;code;start_date;end_date;email;work_tel;probation_end_day;probation_length;other;is_self_verify;is_hr_verify
1;Mobility;2019-07-10;2019-07-10;Ronaldo82@gmail.com;override back-end hacking;2019-07-11;81457;payment;true;true
2;structure Maryland;2019-07-10;2019-07-10;Icie_Ratke@yahoo.com;Money Market Account Saint Helena;2019-07-10;50272;Grass-roots Regional;false;true
3;Unbranded Concrete Soap Bouvet Island (Bouvetoya);2019-07-10;2019-07-10;Lizeth_Renner@gmail.com;Bacon;2019-07-10;62007;Rwanda Customer;true;true
4;copy;2019-07-10;2019-07-11;Natalie20@hotmail.com;application Cambridgeshire;2019-07-10;34208;connecting;false;false
5;Creek Investment Account Buckinghamshire;2019-07-10;2019-07-11;Daphnee_Jaskolski72@yahoo.com;payment;2019-07-10;56550;port Money Market Account;true;false
6;National Idaho strategize;2019-07-10;2019-07-10;Letha_Cremin13@hotmail.com;Generic Advanced;2019-07-10;87212;Security Virginia;true;true
7;Clothing deposit quantify;2019-07-10;2019-07-10;Henry.Blick93@gmail.com;Chief Coves Concrete;2019-07-10;16552;yellow programming strategy;false;true
8;New Mexico;2019-07-10;2019-07-10;Natalie80@gmail.com;Kids leading-edge synergize;2019-07-10;86351;National Inlet Rue;true;false
9;Assimilated Unions;2019-07-11;2019-07-11;Kitty41@gmail.com;Product;2019-07-10;78049;modular red;false;true
10;Chips Division;2019-07-11;2019-07-10;Sabina_Bogan@yahoo.com;Bedfordshire;2019-07-10;30993;scale;false;false
